k,recall_uplift_pp,precision_uplift_pp,lift_model,lift_baseline
10,10.6412355598674,21.891891891891895,2.6137706333568147,1.3517593731274768
30,10.881806598337961,8.108108108108103,1.774381471165331,1.3455112922628665
50,5.289662137701306,4.216216216216218,1.4860175687871555,1.3319922962763395
