k,recall_uplift_pp,precision_uplift_pp,lift_model,lift_baseline
10,10.600425991889328,21.08108108108108,2.5999277293589884,1.3517593731274768
30,6.37372014737439,7.027027027027027,1.6295743833466725,1.3455112922628665
50,0.3610085549767994,2.3783783783783763,1.369412855965475,1.3319922962763395
