strategy,k,snapshots,recall_mean,recall_std,precision_mean,lift_mean,base_rate_mean
baseline_recency,10,37,0.09515403177907202,0.0587157758294021,0.36486486486486486,1.3517593731274768,0.2468906363567474
model,10,37,0.20115829169796529,0.17415370007725056,0.5756756756756757,2.5999277293589884,0.2468906363567474
baseline_recency,30,37,0.29108331345045957,0.14438317972910866,0.34684684684684686,1.3455112922628665,0.2468906363567474
model,30,37,0.35482051492420347,0.15562847806586635,0.41711711711711713,1.6295743833466725,0.2468906363567474
baseline_recency,50,37,0.49751370321826266,0.2022677649580866,0.32432432432432434,1.3319922962763395,0.2468906363567474
model,50,37,0.5011237887680307,0.1650249339227163,0.3481081081081081,1.369412855965475,0.2468906363567474
