model,folds,mae_mean,mae_std,mape_mean,mape_std,wape_mean,wape_std,wape_uplift_vs_best_baseline
random_forest,14,2073.1693307274554,1239.6592866849514,0.09613548744523283,0.2116640347539994,0.03960270024501035,0.018322664658836835,0.5522584863320331
xgboost,14,2744.754704903739,1421.2059512992037,0.12777656405925603,0.18264372198839848,0.053618194860408905,0.022198936341258614,0.5382429917166346
naive_rolling7,14,29380.07859863946,5607.1431640925375,5.526181614184237,12.315474698386536,0.5918611865770435,0.08432616381159835,0.0
naive_lag7,14,37027.512619047615,9372.91556283698,4.644507301693551,9.67803536130357,0.7376254375662599,0.11153148592590517,-0.14576425098921642
